{
  "Africa": {
    "cores": 14.172,
    "memory": 1.2562398,
    "disk": 0.17875,
    "bandwidth": 0.1285
  },
  "Asia": {
    "cores": 14.172,
    "memory": 1.2562398,
    "disk": 0.17875,
    "bandwidth": 0.085
  },
  "Central America": {
    "cores": 14.172,
    "memory": 1.2562398,
    "disk": 0.17875,
    "bandwidth": 0.1285
  },
  "Europe": {
    "cores": 14.172,
    "memory": 1.2562398,
    "disk": 0.17875,
    "bandwidth": 0.085
  },
  "Middle East": {
    "cores": 14.172,
    "memory": 1.2562398,
    "disk": 0.17875,
    "bandwidth": 0.0975
  },
  "North America": {
    "cores": 14.172,
    "memory": 1.2562398,
    "disk": 0.17875,
    "bandwidth": 0.0825
  },
  "Oceania": {
    "cores": 14.172,
    "memory": 1.2562398,
    "disk": 0.17875,
    "bandwidth": 0.124
  },
  "South America": {
    "cores": 14.172,
    "memory": 1.402,
    "disk": 0.17875,
    "bandwidth": 0.144
  }
}
